{
  "mean": [
    1.0,
    60.0,
    2.4634146341463414,
    7.5,
    60.0,
    137.1951219512195,
    0.0
  ],
  "scale": [
    0.1414213562373095,
    28.284271247461902,
    0.5453824335365342,
    5.5901699437494745,
    28.284271247461902,
    27.67513589734199,
    8.730378697119727
  ],
  "input_cols": [
    "flow Behavior index",
    "Applied Electrical Potential",
    "number of link",
    "Orientation",
    "Link length",
    "Pitch along flow-direction (x-dir)",
    "Pitch perpendicular to fluid flow (Y-dir)"
  ],
  "output_cols": [
    "Mixing Efficency"
  ],
  "input_units": [
    "n ",
    "V/cm",
    "#",
    "degree",
    "\u00b5m",
    "\u00b5m",
    "\u00b5m"
  ],
  "output_units": [
    "%"
  ],
  "model_type": "skip",
  "opset": 17
}